contrast,mutation_class,ratio,SE,df,null,z.ratio,p_value_bonferroni,significant,sig_label
styphimurium / bpertussis,C->A,2.7173859157139217,0.7315797909410668,Inf,1,3.7131836940597522,0.018624808014680094,TRUE,*
styphimurium / cjejuni,C->A,0.5857675485628213,0.16001605697027452,Inf,1,-1.9578495918023795,1,FALSE,ns
styphimurium / ecoli,C->A,0.161212580094116,0.04196958060102933,Inf,1,-7.010268351851771,2.16453927083821e-10,TRUE,***
styphimurium / hinfluenzae,C->A,0.42264791386831835,0.11210815784585917,Inf,1,-3.2467847913138246,0.1062121147527851,FALSE,ns
styphimurium / kpneumoniae,C->A,0.08001249655725329,0.020799469669316135,Inf,1,-9.715505257432232,2.3565494181010443e-20,TRUE,***
styphimurium / lmonocytogenesA,C->A,0.22923775801823984,0.0599854067647103,Inf,1,-5.6291391542415266,1.648112303897129e-6,TRUE,***
styphimurium / mtuberculosis,C->A,0.19071914328995082,0.049664334303589595,Inf,1,-6.362971232556513,1.8007786642662214e-8,TRUE,***
styphimurium / nmeningitidis,C->A,0.7277700015314095,0.19262068688919376,Inf,1,-1.2006167763836602,1,FALSE,ns
styphimurium / paeruginosa,C->A,0.507144523645093,0.13225053609556517,Inf,1,-2.6036224911114756,0.8394231179413509,FALSE,ns
styphimurium / sagalactiae,C->A,0.12345496896120417,0.03225069498458736,Inf,1,-8.007667248033075,1.063832783137473e-13,TRUE,***
styphimurium / saureus,C->A,0.11472677930195543,0.029910542026819913,Inf,1,-8.304985911820543,9.084647567299862e-15,TRUE,***
styphimurium / sepidermidis,C->A,0.12644615497607095,0.032991005358352664,Inf,1,-7.925884532619272,2.0614049131738872e-13,TRUE,***
styphimurium / spneumoniae,C->A,0.31928277402908317,0.08398272459004738,Inf,1,-4.3403945530328585,0.0012942666796380185,TRUE,**
bpertussis / cjejuni,C->A,0.2155628853360441,0.0601553720115696,Inf,1,-5.498790832837761,3.479880189395301e-6,TRUE,***
bpertussis / ecoli,C->A,0.05932634711980601,0.01581242326349101,Inf,1,-10.597947885191106,2.771772159183124e-24,TRUE,***
bpertussis / hinfluenzae,C->A,0.15553474073161916,0.042201127569309466,Inf,1,-6.858405520913449,6.336635741762983e-10,TRUE,***
bpertussis / kpneumoniae,C->A,0.029444657122333,0.00783693914714827,Inf,1,-13.24491153829336,4.393939037185213e-38,TRUE,***
bpertussis / lmonocytogenesA,C->A,0.08435966223737994,0.022594587457935994,Inf,1,-9.232001373476464,2.4171570060701583e-18,TRUE,***
bpertussis / mtuberculosis,C->A,0.07018478390834097,0.018711245889429233,Inf,1,-9.96483957094561,1.9767409499590258e-21,TRUE,***
bpertussis / nmeningitidis,C->A,0.2678198916550309,0.07251643511051284,Inf,1,-4.865611365264993,1.038342200084583e-4,TRUE,***
bpertussis / paeruginosa,C->A,0.18662955479102572,0.0498226199683506,Inf,1,-6.287945080687671,2.9274305680542847e-8,TRUE,***
bpertussis / sagalactiae,C->A,0.045431518669209574,0.012148773371458008,Inf,1,-11.561148569026347,5.90005037153258e-29,TRUE,***
bpertussis / saureus,C->A,0.04221953850519388,0.011268321609977854,Inf,1,-11.857972017286944,1.7804761041382828e-30,TRUE,***
bpertussis / sepidermidis,C->A,0.046532277305503945,0.012428397133597304,Inf,1,-11.485216834446543,1.4245341317686954e-28,TRUE,***
bpertussis / spneumoniae,C->A,0.11749629383988328,0.031626012524430244,Inf,1,-7.955492679581649,1.6236226473779086e-13,TRUE,***
cjejuni / ecoli,C->A,0.2752159632087003,0.07445343084839809,Inf,1,-4.769201404355332,1.683114823828269e-4,TRUE,***
cjejuni / hinfluenzae,C->A,0.7215283859703112,0.1985990646959158,Inf,1,-1.1857810235255315,1,FALSE,ns
cjejuni / kpneumoniae,C->A,0.13659428002381435,0.03690214090172664,Inf,1,-7.368779116735177,1.5669990034383258e-11,TRUE,***
cjejuni / lmonocytogenesA,C->A,0.3913459504212446,0.10637159822282234,Inf,1,-3.4515455703771627,0.05072209168345531,FALSE,ns
cjejuni / mtuberculosis,C->A,0.3255884416230971,0.08810191817480251,Inf,1,-4.146898072326185,0.0030667910013071793,TRUE,**
cjejuni / nmeningitidis,C->A,1.24242116743577,0.34128685415393684,Inf,1,0.7901929351786358,1,FALSE,ns
cjejuni / paeruginosa,C->A,0.8657777729226728,0.23458019495123986,Inf,1,-0.5319373508029872,1,FALSE,ns
cjejuni / sagalactiae,C->A,0.21075761070086677,0.057197253207342355,Inf,1,-5.737328219508247,8.752539380188992e-7,TRUE,***
cjejuni / saureus,C->A,0.19585717847196757,0.05305519112191747,Inf,1,-6.0186303438958015,1.6006812979875121e-7,TRUE,***
cjejuni / sepidermidis,C->A,0.21586404929106462,0.05851595921546092,Inf,1,-5.655595075881664,1.4132957739755375e-6,TRUE,***
cjejuni / spneumoniae,C->A,0.545067364712235,0.14886801753992154,Inf,1,-2.2219137049660156,1,FALSE,ns
ecoli / hinfluenzae,C->A,2.62168072504997,0.6882422131156173,Inf,1,3.6714063154534644,0.021950974460888926,TRUE,*
ecoli / kpneumoniae,C->A,0.4963167050024381,0.12763342957649637,Inf,1,-2.7241312937359035,0.5866849293159077,FALSE,ns
ecoli / lmonocytogenesA,C->A,1.421959489044904,0.3681472828079318,Inf,1,1.3597294608980048,1,FALSE,ns
ecoli / mtuberculosis,C->A,1.1830289123752555,0.3047711201532479,Inf,1,0.6524278366908678,1,FALSE,ns
ecoli / nmeningitidis,C->A,4.514349941589775,1.182456772014713,Inf,1,5.754379074754212,7.913435185961975e-7,TRUE,***
ecoli / paeruginosa,C->A,3.145812338894531,0.8115967475224227,Inf,1,4.442265113212209,8.100527426746519e-4,TRUE,***
ecoli / sagalactiae,C->A,0.7657899209176547,0.19792416040178837,Inf,1,-1.0324613735996235,1,FALSE,ns
ecoli / saureus,C->A,0.7116490489450505,0.18355425062360117,Inf,1,-1.31885771810965,1,FALSE,ns
ecoli / sepidermidis,C->A,0.7843442174441451,0.2024617455165286,Inf,1,-0.94103178509342,1,FALSE,ns
ecoli / spneumoniae,C->A,1.9805078105113492,0.5154839529739281,Inf,1,2.625467784387215,0.78742297136797,FALSE,ns
hinfluenzae / kpneumoniae,C->A,0.18931241331569018,0.0496261093666448,Inf,1,-6.349145191678675,1.9702830035763097e-8,TRUE,***
hinfluenzae / lmonocytogenesA,C->A,0.5423846906521392,0.1431050967274355,Inf,1,-2.318715320255191,1,FALSE,ns
hinfluenzae / mtuberculosis,C->A,0.4512482778972664,0.11849217405512995,Inf,1,-3.0303707231291384,0.22227089124691046,FALSE,ns
hinfluenzae / nmeningitidis,C->A,1.7219297141926886,0.4594428289616895,Inf,1,2.0367607205941898,1,FALSE,ns
hinfluenzae / paeruginosa,C->A,1.1999219847163394,0.3155237888019983,Inf,1,0.6931129737238299,1,FALSE,ns
hinfluenzae / sagalactiae,C->A,0.2920988484984413,0.07694154762405934,Inf,1,-4.672056382029797,2.7136115468707334e-4,TRUE,***
hinfluenzae / saureus,C->A,0.2714476412574939,0.07136100851482846,Inf,1,-4.960186711126355,6.40871650521143e-5,TRUE,***
hinfluenzae / sepidermidis,C->A,0.2991761010216816,0.07870942207465469,Inf,1,-4.586778131644088,4.0962612679009384e-4,TRUE,***
hinfluenzae / spneumoniae,C->A,0.7554344019039925,0.2003374040058407,Inf,1,-1.0575703143787005,1,FALSE,ns
kpneumoniae / lmonocytogenesA,C->A,2.865024438453908,0.7406518967800692,Inf,1,4.071627302973516,0.004248411059061469,TRUE,**
kpneumoniae / mtuberculosis,C->A,2.3836169535527603,0.6131400694934308,Inf,1,3.3768060944729967,0.06673278166626005,FALSE,ns
kpneumoniae / nmeningitidis,C->A,9.095704206787877,2.378991621485273,Inf,1,8.441188238056347,2.8585629006955307e-15,TRUE,***
kpneumoniae / paeruginosa,C->A,6.338316456382579,1.6327817130006572,Inf,1,7.16839163357848,6.905440753986558e-11,TRUE,***
kpneumoniae / sagalactiae,C->A,1.5429460930876644,0.398188799162246,Inf,1,1.6805241714381112,1,FALSE,ns
kpneumoniae / saureus,C->A,1.4338607622355863,0.36927668655347906,Inf,1,1.3992795629156474,1,FALSE,ns
kpneumoniae / sepidermidis,C->A,1.5803300786345524,0.4073159838994542,Inf,1,1.7755560454005448,1,FALSE,ns
kpneumoniae / spneumoniae,C->A,3.990411345315528,1.0370857803758466,Inf,1,5.324832042201639,9.195218994270117e-6,TRUE,***
lmonocytogenesA / mtuberculosis,C->A,0.8319708975463623,0.21545595277287358,Inf,1,-0.7103426418206472,1,FALSE,ns
lmonocytogenesA / nmeningitidis,C->A,3.1747387857174156,0.8357857399196592,Inf,1,4.388132712883481,0.0010403848721211321,TRUE,**
lmonocytogenesA / paeruginosa,C->A,2.2123079898763485,0.5737441696923745,Inf,1,3.0617354657906066,0.2002526307499349,FALSE,ns
lmonocytogenesA / sagalactiae,C->A,0.5385455259572953,0.13991636958251852,Inf,1,-2.3821144232682725,1,FALSE,ns
lmonocytogenesA / saureus,C->A,0.5004706916250111,0.12976087740870768,Inf,1,-2.669748715211652,0.6907630876360915,FALSE,ns
lmonocytogenesA / sepidermidis,C->A,0.551593926189114,0.14312607007824282,Inf,1,-2.292852900176227,1,FALSE,ns
lmonocytogenesA / spneumoniae,C->A,1.3928018524927237,0.3643785311031422,Inf,1,1.26642901306498,1,FALSE,ns
mtuberculosis / nmeningitidis,C->A,3.8159252866660522,0.999777035948184,Inf,1,5.111362588892359,2.9105751877342006e-5,TRUE,***
mtuberculosis / paeruginosa,C->A,2.65911703931094,0.6862175288265122,Inf,1,3.7897616131183924,0.013722065320137625,TRUE,*
mtuberculosis / sagalactiae,C->A,0.6473129379231494,0.16734774998683216,Inf,1,-1.6823223220731265,1,FALSE,ns
mtuberculosis / saureus,C->A,0.6015483150925023,0.1551979722655483,Inf,1,-1.969974077045592,1,FALSE,ns
mtuberculosis / sepidermidis,C->A,0.6629966598782091,0.1711844786289588,Inf,1,-1.591744187577261,1,FALSE,ns
mtuberculosis / spneumoniae,C->A,1.6740992462601234,0.4358474289027313,Inf,1,1.9791832244434218,1,FALSE,ns
nmeningitidis / paeruginosa,C->A,0.6968472492379935,0.18283056421044347,Inf,1,-1.3766494395384143,1,FALSE,ns
nmeningitidis / sagalactiae,C->A,0.16963459431059832,0.044584222697116045,Inf,1,-6.750150042078472,1.3440003116665806e-9,TRUE,***
nmeningitidis / saureus,C->A,0.15764153380950258,0.04135013370884283,Inf,1,-7.043071555479978,1.7112331039763186e-10,TRUE,***
nmeningitidis / sepidermidis,C->A,0.17374466481168052,0.045608331808184174,Inf,1,-6.667256344113138,2.371729772834366e-9,TRUE,***
nmeningitidis / spneumoniae,C->A,0.4387138427761966,0.11609041223846885,Inf,1,-3.1136060376539696,0.1681826377006851,FALSE,ns
paeruginosa / sagalactiae,C->A,0.24343153323213193,0.063024144544717,Inf,1,-5.457419149007014,4.396255585858957e-6,TRUE,***
paeruginosa / saureus,C->A,0.22622107496568944,0.058448823304424746,Inf,1,-5.752372217597826,8.007979950709284e-7,TRUE,***
paeruginosa / sepidermidis,C->A,0.24932962711938855,0.06446932592466958,Inf,1,-5.371759739150215,7.095447794100951e-6,TRUE,***
paeruginosa / spneumoniae,C->A,0.6295695982956563,0.16413934816433243,Inf,1,-1.7747952371262672,1,FALSE,ns
sagalactiae / saureus,C->A,0.9293006208442564,0.24053502586353667,Inf,1,-0.28328142971244796,1,FALSE,ns
sagalactiae / sepidermidis,C->A,1.0242289641319078,0.26531051645966475,Inf,1,0.09242054761038719,1,FALSE,ns
sagalactiae / spneumoniae,C->A,2.586228620165285,0.6754621823888505,Inf,1,3.638155127190961,0.02498841971804143,TRUE,*
saureus / sepidermidis,C->A,1.1021503065406437,0.28491260946366626,Inf,1,0.3762506369851561,1,FALSE,ns
saureus / spneumoniae,C->A,2.782983850603407,0.725392972031171,Inf,1,3.9267679464967165,0.00783464239812596,TRUE,**
sepidermidis / spneumoniae,C->A,2.52504929145141,0.6586627675043047,Inf,1,3.550912160933809,0.03493476520966507,TRUE,*
styphimurium / bpertussis,C->G,1.192588450947773,0.33324064494593447,Inf,1,0.6303131755775359,1,FALSE,ns
styphimurium / cjejuni,C->G,0.4522908187415082,0.13781110727961723,Inf,1,-2.6040067956825075,0.838482461256001,FALSE,ns
styphimurium / ecoli,C->G,0.17440456497146145,0.04689173145651776,Inf,1,-6.495307698071449,7.540612367491974e-9,TRUE,***
styphimurium / hinfluenzae,C->G,0.5062558933454886,0.14460562638451313,Inf,1,-2.3831367173686,1,FALSE,ns
styphimurium / kpneumoniae,C->G,0.06954402561445837,0.018597619001247682,Inf,1,-9.96848758820391,1.905476188109839e-21,TRUE,***
styphimurium / lmonocytogenesA,C->G,0.2339062735105767,0.06381275776042727,Inf,1,-5.325379788865189,9.167551446761446e-6,TRUE,***
styphimurium / mtuberculosis,C->G,0.06166549288846163,0.016493326664120213,Inf,1,-10.416452942723406,1.8981499041170824e-23,TRUE,***
styphimurium / nmeningitidis,C->G,1.0530959763234287,0.30313091977707657,Inf,1,0.17972848752547346,1,FALSE,ns
styphimurium / paeruginosa,C->G,0.20547363330877086,0.05508986573649855,Inf,1,-5.902159866435744,3.264836590180163e-7,TRUE,***
styphimurium / sagalactiae,C->G,0.2542389796637976,0.07017498090718421,Inf,1,-4.961531064748397,6.364511047332404e-5,TRUE,***
styphimurium / saureus,C->G,0.11900964272856479,0.03213160693339487,Inf,1,-7.883765842865914,2.8906996351605136e-13,TRUE,***
styphimurium / sepidermidis,C->G,0.16205932339237789,0.044001577752596034,Inf,1,-6.702359499377036,1.866234648244742e-9,TRUE,***
styphimurium / spneumoniae,C->G,0.40406172769951804,0.11278539360710665,Inf,1,-3.2464818731841145,0.10632520846236222,FALSE,ns
bpertussis / cjejuni,C->G,0.3792513824715172,0.11644234682471429,Inf,1,-3.157832775466681,0.14464150353010255,FALSE,ns
bpertussis / ecoli,C->G,0.14624036048048153,0.03971243416681157,Inf,1,-7.079587059597334,1.315720264635626e-10,TRUE,***
bpertussis / hinfluenzae,C->G,0.4245017574530067,0.12232417138161933,Inf,1,-2.973490143308209,0.26793481539340896,FALSE,ns
bpertussis / kpneumoniae,C->G,0.05831351591505886,0.01575201034073808,Inf,1,-10.520716020149115,6.310356852411808e-24,TRUE,***
bpertussis / lmonocytogenesA,C->G,0.1961332707227601,0.05402683830540239,Inf,1,-5.913605882823193,3.0457536035228836e-7,TRUE,***
bpertussis / mtuberculosis,C->G,0.05170726987960926,0.01396964351760081,Inf,1,-10.96413416574019,5.172622563017368e-26,TRUE,***
bpertussis / nmeningitidis,C->G,0.8830338542072186,0.2563916356440976,Inf,1,-0.42841536759750937,1,FALSE,ns
bpertussis / paeruginosa,C->G,0.17229215421755678,0.0466580993587087,Inf,1,-6.493764803007946,7.61828462003624e-9,TRUE,***
bpertussis / sagalactiae,C->G,0.21318249347605955,0.05939990559053943,Inf,1,-5.547084421239676,2.643299860080474e-6,TRUE,***
bpertussis / saureus,C->G,0.09979104076849438,0.027209895114199446,Inf,1,-8.452296588506739,2.5992139044899162e-15,TRUE,***
bpertussis / sepidermidis,C->G,0.13588872444939926,0.03725752368234441,Inf,1,-7.279680740844331,3.044960965488234e-11,TRUE,***
bpertussis / spneumoniae,C->G,0.3388106998507342,0.09544740645144482,Inf,1,-3.8419008716614473,0.011109748137654899,TRUE,*
cjejuni / ecoli,C->G,0.38560270901969507,0.11473302687274121,Inf,1,-3.202732649386296,0.12387856764266021,FALSE,ns
cjejuni / hinfluenzae,C->G,1.1193149901962134,0.34999525085007094,Inf,1,0.36047830848362183,1,FALSE,ns
cjejuni / kpneumoniae,C->G,0.1537595342040404,0.04555098176954083,Inf,1,-6.320259518268283,2.3762320241653402e-8,TRUE,***
cjejuni / lmonocytogenesA,C->G,0.5171590132238746,0.15570711814016394,Inf,1,-2.1901193889353974,1,FALSE,ns
cjejuni / mtuberculosis,C->G,0.13634035963861674,0.04039561283720204,Inf,1,-6.725282793501321,1.5947908221161083e-9,TRUE,***
cjejuni / nmeningitidis,C->G,2.3283602776940087,0.7328145676821636,Inf,1,2.685327251906365,0.6593752706565802,FALSE,ns
cjejuni / paeruginosa,C->G,0.4542953887069781,0.13486413410210596,Inf,1,-2.6578047783544085,0.7157280885841477,FALSE,ns
cjejuni / sagalactiae,C->G,0.5621139521938858,0.17086833663882517,Inf,1,-1.8950622164067001,1,FALSE,ns
cjejuni / saureus,C->G,0.26312637311477416,0.07855813369618551,Inf,1,-4.471917699654083,7.054434979528518e-4,TRUE,***
cjejuni / sepidermidis,C->G,0.3583077893186187,0.10746667138497595,Inf,1,-3.42202677781949,0.05656213449415676,FALSE,ns
cjejuni / spneumoniae,C->G,0.893367079225294,0.2740734593828432,Inf,1,-0.36754392363237165,1,FALSE,ns
ecoli / hinfluenzae,C->G,2.9027674443517544,0.8068077890744905,Inf,1,3.8340934126920416,0.011468570275663857,TRUE,*
ecoli / kpneumoniae,C->G,0.39875117733207355,0.10334438391939808,Inf,1,-3.547545259814479,0.03538434325390655,TRUE,*
ecoli / lmonocytogenesA,C->G,1.3411705911989849,0.35505705032149504,Inf,1,1.1088104888442265,1,FALSE,ns
ecoli / mtuberculosis,C->G,0.3535772868018233,0.09165213444071792,Inf,1,-4.0107931409579844,0.005506875347872194,TRUE,**
ecoli / nmeningitidis,C->G,6.038236307035605,1.6919760090700087,Inf,1,6.417008814554469,1.2646987011311888e-8,TRUE,***
ecoli / paeruginosa,C->G,1.1781436646591985,0.3061788639267287,Inf,1,0.6308237943396692,1,FALSE,ns
ecoli / sagalactiae,C->G,1.4577541574407746,0.39073994190004335,Inf,1,1.406109573762827,1,FALSE,ns
ecoli / saureus,C->G,0.6823768789999208,0.17866179479539848,Inf,1,-1.4596636737616444,1,FALSE,ns
ecoli / sepidermidis,C->G,0.9292149171605475,0.24475041321974397,Inf,1,-0.27872689081849744,1,FALSE,ns
ecoli / spneumoniae,C->G,2.316807061590598,0.628423762523385,Inf,1,3.0975245915787832,0.1775812262950684,FALSE,ns
hinfluenzae / kpneumoniae,C->G,0.13736931565357371,0.0379892104720671,Inf,1,-7.178074673902782,6.433694955107831e-11,TRUE,***
hinfluenzae / lmonocytogenesA,C->G,0.4620317048851617,0.13018156005968856,Inf,1,-2.7403630382134896,0.5584793248423181,FALSE,ns
hinfluenzae / mtuberculosis,C->G,0.12180696303791713,0.03369042415009125,Inf,1,-7.611728517677839,2.4611331557068247e-12,TRUE,***
hinfluenzae / nmeningitidis,C->G,2.0801653672893745,0.6164255562886529,Inf,1,2.47168808453214,1,FALSE,ns
hinfluenzae / paeruginosa,C->G,0.4058691187789249,0.11251253894262893,Inf,1,-3.2528120636214295,0.1039848321660471,FALSE,ns
hinfluenzae / sagalactiae,C->G,0.5021946075209343,0.14305644308689625,Inf,1,-2.4178943082871434,1,FALSE,ns
hinfluenzae / saureus,C->G,0.23507803917523581,0.06559420901158759,Inf,1,-5.18879428090001,1.9261065946331262e-5,TRUE,***
hinfluenzae / sepidermidis,C->G,0.32011345551247206,0.08979350022978831,Inf,1,-4.060814749005678,0.004450060399450335,TRUE,**
hinfluenzae / spneumoniae,C->G,0.7981373313589669,0.2297634611382442,Inf,1,-0.783238971773108,1,FALSE,ns
kpneumoniae / lmonocytogenesA,C->G,3.363427288597269,0.8854822740392728,Inf,1,4.607324730954156,3.711733061328434e-4,TRUE,***
kpneumoniae / mtuberculosis,C->G,0.8867115808096282,0.22851618496175505,Inf,1,-0.4665499777595431,1,FALSE,ns
kpneumoniae / nmeningitidis,C->G,15.142867658562574,4.222199324438144,Inf,1,9.746387729928582,1.739456758527166e-20,TRUE,***
kpneumoniae / paeruginosa,C->G,2.954583538892123,0.7634189830038923,Inf,1,4.192810131446626,0.0025072323312530834,TRUE,**
kpneumoniae / sagalactiae,C->G,3.6557990052698464,0.9746081910586039,Inf,1,4.862534446494603,1.0546190450649177e-4,TRUE,***
kpneumoniae / saureus,C->G,1.7112849260170293,0.44550968814314224,Inf,1,2.063655294133905,1,FALSE,ns
kpneumoniae / sepidermidis,C->G,2.3303126610876745,0.6103499623323649,Inf,1,3.230032501483917,0.11263629324946779,FALSE,ns
kpneumoniae / spneumoniae,C->G,5.8101572943098745,1.567657878884378,Inf,1,6.521574204982174,6.331169060643821e-9,TRUE,***
lmonocytogenesA / mtuberculosis,C->G,0.2636333432316995,0.06941750829424705,Inf,1,-5.063202718496487,3.751666600979042e-5,TRUE,***
lmonocytogenesA / nmeningitidis,C->G,4.502213474303459,1.278615899713769,Inf,1,5.2978314615651385,1.0663930799879013e-5,TRUE,***
lmonocytogenesA / paeruginosa,C->G,0.8784443026043072,0.23188163381725402,Inf,1,-0.49097816194225635,1,FALSE,ns
lmonocytogenesA / sagalactiae,C->G,1.0869267243159322,0.2956448973683128,Inf,1,0.30644838745408526,1,FALSE,ns
lmonocytogenesA / saureus,C->G,0.5087920086212798,0.13527675927765412,Inf,1,-2.5414482813038948,1,FALSE,ns
lmonocytogenesA / sepidermidis,C->G,0.6928387210830834,0.18528298939016694,Inf,1,-1.3721860534821737,1,FALSE,ns
lmonocytogenesA / spneumoniae,C->G,1.7274514344363974,0.4753195106511353,Inf,1,1.9866771819700126,1,FALSE,ns
mtuberculosis / nmeningitidis,C->G,17.07755710682847,4.762328079353567,Inf,1,10.17613562624932,2.3061803681319057e-22,TRUE,***
mtuberculosis / paeruginosa,C->G,3.3320682878579153,0.861101565347243,Inf,1,4.6573539716265,2.914725112412383e-4,TRUE,***
mtuberculosis / sagalactiae,C->G,4.122872740572366,1.0993011315094134,Inf,1,5.312699119785684,9.829210181346859e-6,TRUE,***
mtuberculosis / saureus,C->G,1.929922832917677,0.5025131476041671,Inf,1,2.525079606850624,1,FALSE,ns
mtuberculosis / sepidermidis,C->G,2.6280390507135816,0.688443459440244,Inf,1,3.6884816847639126,0.020529259833238462,TRUE,*
mtuberculosis / spneumoniae,C->G,6.552477062501885,1.7682195277879917,Inf,1,6.966119853807735,2.964794692770318e-10,TRUE,***
nmeningitidis / paeruginosa,C->G,0.19511387179174394,0.054531450415755564,Inf,1,-5.847077431099637,4.5525904619547365e-7,TRUE,***
nmeningitidis / sagalactiae,C->G,0.241420521376786,0.069306516024494,Inf,1,-4.950623365584717,6.731829293944026e-5,TRUE,***
nmeningitidis / saureus,C->G,0.1130093034293527,0.03178827010280008,Inf,1,-7.751051041657325,8.293288873430101e-13,TRUE,***
nmeningitidis / sepidermidis,C->G,0.15388846509333345,0.043512180934610685,Inf,1,-6.61898440185348,3.2912425762532294e-9,TRUE,***
nmeningitidis / spneumoniae,C->G,0.38368936619640254,0.11129609122675026,Inf,1,-3.3024024423936895,0.08723298858136824,FALSE,ns
paeruginosa / sagalactiae,C->G,1.2373314063208574,0.3307189059715455,Inf,1,0.7967441262395103,1,FALSE,ns
paeruginosa / saureus,C->G,0.5791966629106408,0.15119667902582729,Inf,1,-2.092023083749291,1,FALSE,ns
paeruginosa / sepidermidis,C->G,0.7887110418145323,0.20713314750801437,Inf,1,-0.9037892562747868,1,FALSE,ns
paeruginosa / spneumoniae,C->G,1.9664894283166903,0.5319283875912667,Inf,1,2.5000326792252285,1,FALSE,ns
sagalactiae / saureus,C->G,0.4681014802920528,0.12599884936723307,Inf,1,-2.820040589495396,0.43695993533034344,FALSE,ns
sagalactiae / sepidermidis,C->G,0.6374290976414515,0.17255098833978363,Inf,1,-1.663520560544629,1,FALSE,ns
sagalactiae / spneumoniae,C->G,1.5892988881321193,0.44235830596296344,Inf,1,1.6645126568081572,1,FALSE,ns
saureus / sepidermidis,C->G,1.3617327107014352,0.36023600038526127,Inf,1,1.1671398395831738,1,FALSE,ns
saureus / spneumoniae,C->G,3.395201585648781,0.9247164935204142,Inf,1,4.488045025953352,6.541056271993042e-4,TRUE,***
sepidermidis / spneumoniae,C->G,2.493295166494088,0.682838972126767,Inf,1,3.335907163136183,0.07736961115795374,FALSE,ns
styphimurium / bpertussis,C->T,1.2722557059700463,0.33056401155206344,Inf,1,0.9267443301696574,1,FALSE,ns
styphimurium / cjejuni,C->T,0.12662904732288843,0.03283547851318229,Inf,1,-7.969370222316716,1.4513136033916762e-13,TRUE,***
styphimurium / ecoli,C->T,0.08373914539971568,0.021595125803594063,Inf,1,-9.61685347764036,6.17669028686331e-20,TRUE,***
styphimurium / hinfluenzae,C->T,0.24125773133929773,0.062520130222329,Inf,1,-5.486902088997221,3.7222976872695705e-6,TRUE,***
styphimurium / kpneumoniae,C->T,0.06049174575511253,0.01559629111228961,Inf,1,-10.880431069992358,1.3002593538643435e-25,TRUE,***
styphimurium / lmonocytogenesA,C->T,0.15008098415452006,0.038766012607529855,Inf,1,-7.34253045987923,1.907294502283314e-11,TRUE,***
styphimurium / mtuberculosis,C->T,0.11922466295298671,0.03075193773507514,Inf,1,-8.245351382826515,1.4985477936571943e-14,TRUE,***
styphimurium / nmeningitidis,C->T,0.24735281321298722,0.0639354092666394,Inf,1,-5.4044689161703605,5.915063153560173e-6,TRUE,***
styphimurium / paeruginosa,C->T,0.3619279108112454,0.09340349483735626,Inf,1,-3.93808645317716,0.007474194311617502,TRUE,**
styphimurium / sagalactiae,C->T,0.09790022239120176,0.025284190973811498,Inf,1,-8.99776343453231,2.0962991710933057e-17,TRUE,***
styphimurium / saureus,C->T,0.07732879502340446,0.019953494872559305,Inf,1,-9.91994927214127,3.1024575653206404e-21,TRUE,***
styphimurium / sepidermidis,C->T,0.09058911261167679,0.02338225609526227,Inf,1,-9.303748043995217,1.2337792420769436e-18,TRUE,***
styphimurium / spneumoniae,C->T,0.18637142012620764,0.048193519766306404,Inf,1,-6.4968598107376225,7.463257533705509e-9,TRUE,***
bpertussis / cjejuni,C->T,0.09953112941736712,0.025870151843557215,Inf,1,-8.876896662089809,6.256397478835366e-17,TRUE,***
bpertussis / ecoli,C->T,0.06581943001455652,0.017014672310622123,Inf,1,-10.525277686437695,6.012038232363684e-24,TRUE,***
bpertussis / hinfluenzae,C->T,0.18962990710687988,0.04925804578374796,Inf,1,-6.400863689925276,1.405954198065083e-8,TRUE,***
bpertussis / kpneumoniae,C->T,0.04754684570975446,0.01228824030108255,Inf,1,-11.78603137647416,4.192781659655545e-30,TRUE,***
bpertussis / lmonocytogenesA,C->T,0.11796448107897382,0.03054326572577059,Inf,1,-8.254976616700043,1.382581045739343e-14,TRUE,***
bpertussis / mtuberculosis,C->T,0.09371124247549154,0.024229247556906967,Inf,1,-9.156901961739372,4.860178701274954e-18,TRUE,***
bpertussis / nmeningitidis,C->T,0.19442067506735225,0.05037376302535607,Inf,1,-6.320924924657254,2.366021190428997e-8,TRUE,***
bpertussis / paeruginosa,C->T,0.28447733353672744,0.0735917945679957,Inf,1,-4.859467575792063,1.0710868902975389e-4,TRUE,***
bpertussis / sagalactiae,C->T,0.07695011461281409,0.01992111844358754,Inf,1,-9.906376750414559,3.5540357116150115e-21,TRUE,***
bpertussis / saureus,C->T,0.0607808592726603,0.015721196579350682,Inf,1,-10.827140379770139,2.3298393960176895e-25,TRUE,***
bpertussis / sepidermidis,C->T,0.07120354201328268,0.018422662026436602,Inf,1,-10.212145440737315,1.5920715744719672e-22,TRUE,***
bpertussis / spneumoniae,C->T,0.14648896385503463,0.0379708742392133,Inf,1,-7.410331392568485,1.1464562336075731e-11,TRUE,***
cjejuni / ecoli,C->T,0.6612949174780663,0.17060215446078797,Inf,1,-1.603039921331592,1,FALSE,ns
cjejuni / hinfluenzae,C->T,1.9052321441234596,0.49390866498312,Inf,1,2.486532600845891,1,FALSE,ns
cjejuni / kpneumoniae,C->T,0.47770829074363996,0.12321120436697651,Inf,1,-2.8642637791460004,0.38036160056866286,FALSE,ns
cjejuni / lmonocytogenesA,C->T,1.1852018737204275,0.306252208428889,Inf,1,0.6575669982562696,1,FALSE,ns
cjejuni / mtuberculosis,C->T,0.9415269677341765,0.24294120014912174,Inf,1,-0.23350981189301737,1,FALSE,ns
cjejuni / nmeningitidis,C->T,1.953365506906706,0.5050906790772733,Inf,1,2.589402902427135,0.87489704345265,FALSE,ns
cjejuni / paeruginosa,C->T,2.8581744746793682,0.7378899442929472,Inf,1,4.067824241495976,0.004318327810924434,TRUE,**
cjejuni / sagalactiae,C->T,0.7731261070105683,0.19974560431095734,Inf,1,-0.9959442113508808,1,FALSE,ns
cjejuni / saureus,C->T,0.6106718534036317,0.15763314310873103,Inf,1,-1.9106427860051711,1,FALSE,ns
cjejuni / sepidermidis,C->T,0.7153896718553504,0.18472039953980826,Inf,1,-1.2971169037405434,1,FALSE,ns
cjejuni / spneumoniae,C->T,1.471790430918931,0.38072930935908794,Inf,1,1.494019561208207,1,FALSE,ns
ecoli / hinfluenzae,C->T,2.8810627358052425,0.7427923039345575,Inf,1,4.104273986787624,0.0036908377109059164,TRUE,**
ecoli / kpneumoniae,C->T,0.7223831275846521,0.18528715850156752,Inf,1,-1.2678629756458182,1,FALSE,ns
ecoli / lmonocytogenesA,C->T,1.7922440387722138,0.4605573037878116,Inf,1,2.2705489852582477,1,FALSE,ns
ecoli / mtuberculosis,C->T,1.4237625949475181,0.36534101060646457,Inf,1,1.376849842510943,1,FALSE,ns
ecoli / nmeningitidis,C->T,2.953849266460595,0.7595861674880787,Inf,1,4.211952932445751,0.00230386797299879,TRUE,**
ecoli / paeruginosa,C->T,4.322087466783181,1.109664176276848,Inf,1,5.701189550035033,1.0826656839215968e-6,TRUE,***
ecoli / sagalactiae,C->T,1.1691094042564014,0.300386867781764,Inf,1,0.6080968315486859,1,FALSE,ns
ecoli / saureus,C->T,0.9234485813568744,0.2370536729943937,Inf,1,-0.31024025415783274,1,FALSE,ns
ecoli / sepidermidis,C->T,1.081801255306152,0.27778930916217326,Inf,1,0.3062007956027945,1,FALSE,ns
ecoli / spneumoniae,C->T,2.2256188457213524,0.5725669753576751,Inf,1,3.1098073619380675,0.17036054963985822,FALSE,ns
hinfluenzae / kpneumoniae,C->T,0.2507349522823736,0.06462901030676335,Inf,1,-5.366884272300459,7.2898662330537545e-6,TRUE,***
hinfluenzae / lmonocytogenesA,C->T,0.6220774079295747,0.16064149182423115,Inf,1,-1.8382199032404032,1,FALSE,ns
hinfluenzae / mtuberculosis,C->T,0.49417965712905026,0.12743207522148678,Inf,1,-2.733421469319083,0.5703886223137291,FALSE,ns
hinfluenzae / nmeningitidis,C->T,1.0252637784491039,0.2649404065440894,Inf,1,0.09655097161304431,1,FALSE,ns
hinfluenzae / paeruginosa,C->T,1.5001712434336072,0.38705218116766277,Inf,1,1.5719801572284924,1,FALSE,ns
hinfluenzae / sagalactiae,C->T,0.4057910262511661,0.10477450685711891,Inf,1,-3.4931189086504895,0.043444662340062626,TRUE,*
hinfluenzae / saureus,C->T,0.32052359356165677,0.08268473356317939,Inf,1,-4.410627375466996,9.37951142276383e-4,TRUE,***
hinfluenzae / sepidermidis,C->T,0.37548687915113865,0.09689309753250398,Inf,1,-3.7959496545900278,0.01338422056196924,TRUE,*
hinfluenzae / spneumoniae,C->T,0.772499264962831,0.19970801506372382,Inf,1,-0.9984615363604886,1,FALSE,ns
kpneumoniae / lmonocytogenesA,C->T,2.4810159184707574,0.6374018738860446,Inf,1,3.536889621404413,0.03684306387486814,TRUE,*
kpneumoniae / mtuberculosis,C->T,1.9709244867166076,0.5056241200227453,Inf,1,2.6448058209056047,0.743814050218948,FALSE,ns
kpneumoniae / nmeningitidis,C->T,4.089034133918708,1.0512520369806597,Inf,1,5.477870679068152,3.917318390377472e-6,TRUE,***
kpneumoniae / paeruginosa,C->T,5.983095814037681,1.535751819221154,Inf,1,6.969477812232931,2.894887795820217e-10,TRUE,***
kpneumoniae / sagalactiae,C->T,1.618406299390485,0.415729242377242,Inf,1,1.8742213033510426,1,FALSE,ns
kpneumoniae / saureus,C->T,1.2783363094934144,0.3280772591655409,Inf,1,0.9568099689155807,1,FALSE,ns
kpneumoniae / sepidermidis,C->T,1.497545020082687,0.3844545734168469,Inf,1,1.5730058254867358,1,FALSE,ns
kpneumoniae / spneumoniae,C->T,3.080939685237242,0.7924213947900315,Inf,1,4.374919821463534,0.0011054417910754636,TRUE,**
lmonocytogenesA / mtuberculosis,C->T,0.7944021930868711,0.20417695462167965,Inf,1,-0.8955168485964062,1,FALSE,ns
lmonocytogenesA / nmeningitidis,C->T,1.6481289392286915,0.42450449592706924,Inf,1,1.9398433996792395,1,FALSE,ns
lmonocytogenesA / paeruginosa,C->T,2.4115507560812137,0.620153317977059,Inf,1,3.423049980347288,0.05634964833266969,FALSE,ns
lmonocytogenesA / sagalactiae,C->T,0.6523159675605928,0.16787551618609953,Inf,1,-1.6600782082715932,1,FALSE,ns
lmonocytogenesA / saureus,C->T,0.515247121139534,0.13248125243526598,Inf,1,-2.578967324429161,0.9017750539036553,FALSE,ns
lmonocytogenesA / sepidermidis,C->T,0.6036015363439264,0.1552468589519642,Inf,1,-1.9628275210535098,1,FALSE,ns
lmonocytogenesA / spneumoniae,C->T,1.2418056902820132,0.3199859360824614,Inf,1,0.8404542490658005,1,FALSE,ns
mtuberculosis / nmeningitidis,C->T,2.0746782342385375,0.5336040510556529,Inf,1,2.8375211424598823,0.41373455383107804,FALSE,ns
mtuberculosis / paeruginosa,C->T,3.0356798823911366,0.7795319044815349,Inf,1,4.324295677633969,0.0013924815497221245,TRUE,**
mtuberculosis / sagalactiae,C->T,0.8211406932624863,0.21101977034030406,Inf,1,-0.7668222500828518,1,FALSE,ns
mtuberculosis / saureus,C->T,0.6485973045182536,0.16652868218884503,Inf,1,-1.6862309567786822,1,FALSE,ns
mtuberculosis / sepidermidis,C->T,0.7598185674670213,0.19514518208741452,Inf,1,-1.0694787316994738,1,FALSE,ns
mtuberculosis / spneumoniae,C->T,1.5631951939314657,0.4022242852656831,Inf,1,1.736168670282752,1,FALSE,ns
nmeningitidis / paeruginosa,C->T,1.463205152631927,0.3765387201219753,Inf,1,1.4791010356683325,1,FALSE,ns
nmeningitidis / sagalactiae,C->T,0.39579182916712236,0.10192893422761189,Inf,1,-3.5990402971998847,0.02906482664096663,TRUE,*
nmeningitidis / saureus,C->T,0.3126254923845124,0.080438706777998,Inf,1,-4.519031839456314,5.65319782332902e-4,TRUE,***
nmeningitidis / sepidermidis,C->T,0.36623441405404006,0.09426127125481072,Inf,1,-3.9027243404337253,0.008655556823671534,TRUE,**
nmeningitidis / spneumoniae,C->T,0.753463919432885,0.19428544360597022,Inf,1,-1.0977979183438897,1,FALSE,ns
paeruginosa / sagalactiae,C->T,0.2704964703378712,0.06955103874854757,Inf,1,-5.085087461052174,3.343855974022947e-5,TRUE,***
paeruginosa / saureus,C->T,0.21365800402095372,0.054887059003661115,Inf,1,-6.007886170692113,1.710415276081139e-7,TRUE,***
paeruginosa / sepidermidis,C->T,0.25029601173511395,0.06431889885421774,Inf,1,-5.390138341035501,6.4067153541056525e-6,TRUE,***
paeruginosa / spneumoniae,C->T,0.5149407231635281,0.13257088401244335,Inf,1,-2.5780016131373986,0.904299159892572,FALSE,ns
sagalactiae / saureus,C->T,0.7898735379211351,0.20306531413857046,Inf,1,-0.9175239321007881,1,FALSE,ns
sagalactiae / sepidermidis,C->T,0.9253208051937785,0.23796012198419395,Inf,1,-0.3018092901888352,1,FALSE,ns
sagalactiae / spneumoniae,C->T,1.903687403093752,0.49047004862882787,Inf,1,2.4987869087688335,1,FALSE,ns
saureus / sepidermidis,C->T,1.1714796872789617,0.30099238607905693,Inf,1,0.6159867614261757,1,FALSE,ns
saureus / spneumoniae,C->T,2.410116698052778,0.6203907670828347,Inf,1,3.4173942063274434,0.057533531436972415,FALSE,ns
sepidermidis / spneumoniae,C->T,2.0573269210077756,0.5297413742719314,Inf,1,2.8016900369499984,0.46260478498577645,FALSE,ns
styphimurium / bpertussis,T->A,3.0124228125135772,0.9145729494756804,Inf,1,3.632223345906916,0.025570067745345208,TRUE,*
styphimurium / cjejuni,T->A,0.7720857317888513,0.21624601720318662,Inf,1,-0.9235196729470071,1,FALSE,ns
styphimurium / ecoli,T->A,0.12255118693909549,0.03248790881133734,Inf,1,-7.918721353428303,2.183685506447794e-13,TRUE,***
styphimurium / hinfluenzae,T->A,0.6519339223601696,0.17942262373159737,Inf,1,-1.5544594873054922,1,FALSE,ns
styphimurium / kpneumoniae,T->A,0.05887759672021624,0.015576517245110633,Inf,1,-10.705775746972696,8.701997094876985e-25,TRUE,***
styphimurium / lmonocytogenesA,T->A,0.18913461110698626,0.05035789071078528,Inf,1,-6.254534525172929,3.62819964191991e-8,TRUE,***
styphimurium / mtuberculosis,T->A,0.2926957067613523,0.07856947398303035,Inf,1,-4.576997835624098,4.292436679295297e-4,TRUE,***
styphimurium / nmeningitidis,T->A,2.8831861354852553,0.8818064590633047,Inf,1,3.462204405740947,0.048755077389669596,TRUE,*
styphimurium / paeruginosa,T->A,0.3133384904740633,0.08356887979349405,Inf,1,-4.351144893426682,0.0012323995055913725,TRUE,**
styphimurium / sagalactiae,T->A,0.23541034803979774,0.06299271501142509,Inf,1,-5.405441600682927,5.883051063048897e-6,TRUE,***
styphimurium / saureus,T->A,0.1246746670089367,0.03307194085522186,Inf,1,-7.848907089151635,3.819073213895179e-13,TRUE,***
styphimurium / sepidermidis,T->A,0.10072271867677575,0.0267002123569609,Inf,1,-8.659006282075332,4.3306408524095237e-16,TRUE,***
styphimurium / spneumoniae,T->A,0.5615089534574143,0.15282616462007872,Inf,1,-2.12046342099762,1,FALSE,ns
bpertussis / cjejuni,T->A,0.2563005858877493,0.07974608689313584,Inf,1,-4.375496636982634,0.0011025224224405674,TRUE,**
bpertussis / ecoli,T->A,0.04068193429887034,0.01211420351776916,Inf,1,-10.75286378989915,5.227924116166077e-25,TRUE,***
bpertussis / hinfluenzae,T->A,0.21641514585935345,0.0663961843796202,Inf,1,-4.9887755474157585,5.5294507791188116e-5,TRUE,***
bpertussis / kpneumoniae,T->A,0.019544931234632548,0.005810708079686301,Inf,1,-13.235920894890523,4.952722652489612e-38,TRUE,***
bpertussis / lmonocytogenesA,T->A,0.06278488209600684,0.01876047317073712,Inf,1,-9.263685626190805,1.7972014859720756e-18,TRUE,***
bpertussis / mtuberculosis,T->A,0.09716289013132455,0.029220937269754946,Inf,1,-7.752054567035216,8.227994192233513e-13,TRUE,***
bpertussis / nmeningitidis,T->A,0.9570987590150115,0.32019044617111886,Inf,1,-0.13107053443278818,1,FALSE,ns
bpertussis / paeruginosa,T->A,0.10401544204633495,0.031122085415680546,Inf,1,-7.564062630897868,3.5551104767167233e-12,TRUE,***
bpertussis / sagalactiae,T->A,0.07814651617359465,0.023443240055106482,Inf,1,-8.497491757921932,1.7629544014377848e-15,TRUE,***
bpertussis / saureus,T->A,0.041386842010038984,0.012330356199778446,Inf,1,-10.689755637587918,1.034397630513096e-24,TRUE,***
bpertussis / sepidermidis,T->A,0.03343578406669027,0.009956172637368726,Inf,1,-11.411924777238594,3.3176007559651973e-28,TRUE,***
bpertussis / spneumoniae,T->A,0.18639778955494266,0.056679661290541056,Inf,1,-5.52445911436193,3.0075698924586754e-6,TRUE,***
cjejuni / ecoli,T->A,0.1587274338759709,0.04345237342209935,Inf,1,-6.723417435070611,1.6153509034062504e-9,TRUE,***
cjejuni / hinfluenzae,T->A,0.844380222970445,0.23942248815315348,Inf,1,-0.5965560269427022,1,FALSE,ns
cjejuni / kpneumoniae,T->A,0.07625784844359483,0.020836217169377936,Inf,1,-9.419169587502942,4.1374930041290037e-19,TRUE,***
cjejuni / lmonocytogenesA,T->A,0.24496581573755913,0.067334422838818,Inf,1,-5.117410516825784,2.818806350513063e-5,TRUE,***
cjejuni / mtuberculosis,T->A,0.37909741717827555,0.10500186367671878,Inf,1,-3.5019389412692457,0.042031576516097874,TRUE,*
cjejuni / nmeningitidis,T->A,3.7342823688830244,1.1701680304012003,Inf,1,4.204631091927407,0.002379725858391532,TRUE,**
cjejuni / paeruginosa,T->A,0.4058338052020298,0.11172954217629358,Inf,1,-3.2756387055226974,0.09593523187523333,FALSE,ns
cjejuni / sagalactiae,T->A,0.3049018241722636,0.08420216959866333,Inf,1,-4.300980030881968,0.0015474039048299665,TRUE,**
cjejuni / saureus,T->A,0.1614777503012224,0.04423178347534061,Inf,1,-6.6566743477448735,2.548844793767507e-9,TRUE,***
cjejuni / sepidermidis,T->A,0.13045535557743113,0.03571152841417712,Inf,1,-7.440218699614775,9.14720596836428e-12,TRUE,***
cjejuni / spneumoniae,T->A,0.7272624403464235,0.20406939431621518,Inf,1,-1.134955710827223,1,FALSE,ns
ecoli / hinfluenzae,T->A,5.3196867255489115,1.429761207453652,Inf,1,6.218801456060888,4.5587971479524593e-8,TRUE,***
ecoli / kpneumoniae,T->A,0.4804326925815638,0.12387312788426191,Inf,1,-2.8431501288794316,0.4064972146904772,FALSE,ns
ecoli / lmonocytogenesA,T->A,1.5433111325227786,0.4006104967468479,Inf,1,1.6716718736019478,1,FALSE,ns
ecoli / mtuberculosis,T->A,2.388354728108948,0.6253096138697702,Inf,1,3.3252534081366014,0.08038776633785273,FALSE,ns
ecoli / nmeningitidis,T->A,23.5263827915279,7.059258468789166,Inf,1,10.52507119622945,6.025234839812567e-24,TRUE,***
ecoli / paeruginosa,T->A,2.5567968642342382,0.6648717873438555,Inf,1,3.6100290695885136,0.02786080489260819,TRUE,*
ecoli / sagalactiae,T->A,1.9209144678198025,0.5012550668749411,Inf,1,2.5016716159375565,1,FALSE,ns
ecoli / saureus,T->A,1.0173272909294342,0.2630438114208414,Inf,1,0.06643968824748812,1,FALSE,ns
ecoli / sepidermidis,T->A,0.821882849056632,0.21235740889460236,Inf,1,-0.7591843142775274,1,FALSE,ns
ecoli / spneumoniae,T->A,4.581832028574871,1.21714693781708,Inf,1,5.729794313010035,9.150276182608693e-7,TRUE,***
hinfluenzae / kpneumoniae,T->A,0.09031221524271064,0.024225036317879287,Inf,1,-8.964037993083592,2.848309775149278e-17,TRUE,***
hinfluenzae / lmonocytogenesA,T->A,0.2901131611962605,0.07830416108214414,Inf,1,-4.584819687104955,4.1348432917228994e-4,TRUE,***
hinfluenzae / mtuberculosis,T->A,0.44896529651612255,0.12214460287939326,Inf,1,-2.9435255355556156,0.2952923175214946,FALSE,ns
hinfluenzae / nmeningitidis,T->A,4.422512829287016,1.3666760095778734,Inf,1,4.810932049315833,1.367075603736213e-4,TRUE,***
hinfluenzae / paeruginosa,T->A,0.4806292167459194,0.12993972473923554,Inf,1,-2.7100057466272776,0.6122665858540773,FALSE,ns
hinfluenzae / sagalactiae,T->A,0.361095411614035,0.09793743788068608,Inf,1,-3.75562715568145,0.015734622980806703,TRUE,*
hinfluenzae / saureus,T->A,0.19123819567109215,0.051430633014347436,Inf,1,-6.1510621095187155,7.00388496321682e-8,TRUE,***
hinfluenzae / sepidermidis,T->A,0.15449835515865382,0.04152264805730294,Inf,1,-6.9489011228546484,3.3500962727148625e-10,TRUE,***
hinfluenzae / spneumoniae,T->A,0.861297340418499,0.2374983759497344,Inf,1,-0.5414985884412071,1,FALSE,ns
kpneumoniae / lmonocytogenesA,T->A,3.212335788869672,0.8320843117356351,Inf,1,4.505301273585843,6.031374510500117e-4,TRUE,***
kpneumoniae / mtuberculosis,T->A,4.971257712033145,1.2988416509952716,Inf,1,6.137985420175021,7.605282286341041e-8,TRUE,***
kpneumoniae / nmeningitidis,T->A,48.96915458669329,14.670248149969948,Inf,1,12.988758755215606,1.2895304923756863e-36,TRUE,***
kpneumoniae / paeruginosa,T->A,5.321862778520566,1.3809763243559157,Inf,1,6.4426989124254375,1.0680432371168103e-8,TRUE,***
kpneumoniae / sagalactiae,T->A,3.9983009014185384,1.041150658467949,Inf,1,5.322114730434393,9.333674047327824e-6,TRUE,***
kpneumoniae / saureus,T->A,2.117523030048004,0.5463433141624724,Inf,1,2.9078151217200903,0.33120673023334946,FALSE,ns
kpneumoniae / sepidermidis,T->A,1.7107138247406002,0.4410660255811174,Inf,1,2.0824560185080303,1,FALSE,ns
kpneumoniae / spneumoniae,T->A,9.536886434507174,2.5283094381761426,Inf,1,8.5065822412815,1.6301335161286954e-15,TRUE,***
lmonocytogenesA / mtuberculosis,T->A,1.5475523229102974,0.40698797719544083,Inf,1,1.6604340442559298,1,FALSE,ns
lmonocytogenesA / nmeningitidis,T->A,15.244095824715798,4.589678799284413,Inf,1,9.04809460759396,1.3239107392052466e-17,TRUE,***
lmonocytogenesA / paeruginosa,T->A,1.6566956658018541,0.4327646776115932,Inf,1,1.9325548622408923,1,FALSE,ns
lmonocytogenesA / sagalactiae,T->A,1.2446709074661912,0.32625624413997467,Inf,1,0.8349957272460682,1,FALSE,ns
lmonocytogenesA / saureus,T->A,0.6591848328512067,0.17122418397104475,Inf,1,-1.6044237188810442,1,FALSE,ns
lmonocytogenesA / sepidermidis,T->A,0.5325451438383254,0.13823160033590284,Inf,1,-2.427448535122165,1,FALSE,ns
lmonocytogenesA / spneumoniae,T->A,2.9688323579219986,0.792088764253735,Inf,1,4.078571345019836,0.004123510040701131,TRUE,**
mtuberculosis / nmeningitidis,T->A,9.850455845039244,2.984747606088188,Inf,1,7.549413014253675,3.978741061909687e-12,TRUE,***
mtuberculosis / paeruginosa,T->A,1.0705264314981633,0.2820241506493213,Inf,1,0.2586903721531521,1,FALSE,ns
mtuberculosis / sagalactiae,T->A,0.8042835702805103,0.2126021879700838,Inf,1,-0.8239598841058698,1,FALSE,ns
mtuberculosis / saureus,T->A,0.4259531798004452,0.111594385941913,Inf,1,-3.257506634152198,0.10228002431468483,FALSE,ns
mtuberculosis / sepidermidis,T->A,0.34412092951844825,0.09009277046344445,Inf,1,-4.0746352755024935,0.004193873133906368,TRUE,**
mtuberculosis / spneumoniae,T->A,1.918405157596784,0.5160060176739685,Inf,1,2.4221225696526054,1,FALSE,ns
nmeningitidis / paeruginosa,T->A,0.1086778569782928,0.03276391844113812,Inf,1,-7.361636948829577,1.6531833891626185e-11,TRUE,***
nmeningitidis / sagalactiae,T->A,0.0816493757175261,0.02467912549043726,Inf,1,-8.288701490237244,1.0418724909395405e-14,TRUE,***
nmeningitidis / saureus,T->A,0.0432419764629429,0.012981532954214343,Inf,1,-10.462601663117997,1.1673846476934381e-23,TRUE,***
nmeningitidis / sepidermidis,T->A,0.034934518252954766,0.010482039130171263,Inf,1,-11.17913701039575,4.694617348763217e-27,TRUE,***
nmeningitidis / spneumoniae,T->A,0.194752932024248,0.05965678735555819,Inf,1,-5.340890705127214,8.416681803449373e-6,TRUE,***
paeruginosa / sagalactiae,T->A,0.7512972558322959,0.19727582329792506,Inf,1,-1.0890152218986853,1,FALSE,ns
paeruginosa / saureus,T->A,0.3978913245554704,0.1035366699910754,Inf,1,-3.541617095919052,0.03618908952618706,TRUE,*
paeruginosa / sepidermidis,T->A,0.32145019440282613,0.08358676694427286,Inf,1,-4.364541298697178,0.0011592470175648619,TRUE,**
paeruginosa / spneumoniae,T->A,1.7920203566688635,0.47891936185681366,Inf,1,2.182755224413541,1,FALSE,ns
sagalactiae / saureus,T->A,0.5296057205941498,0.13828958740448374,Inf,1,-2.434234594185622,1,FALSE,ns
sagalactiae / sepidermidis,T->A,0.42786020035001965,0.11164389267733084,Inf,1,-3.2535202896652913,0.10372597237146823,FALSE,ns
sagalactiae / spneumoniae,T->A,2.385234795891331,0.6395560525260731,Inf,1,3.2420595430119192,0.10798899565889072,FALSE,ns
saureus / sepidermidis,T->A,0.8078844010030997,0.20888075948288817,Inf,1,-0.8251170110833174,1,FALSE,ns
saureus / spneumoniae,T->A,4.503793488513309,1.1971771238396185,Inf,1,5.661525715674966,1.365300459427319e-6,TRUE,***
sepidermidis / spneumoniae,T->A,5.5747994179875615,1.4808676122009155,Inf,1,6.4684610247052525,9.009550173623869e-9,TRUE,***
styphimurium / bpertussis,T->C,0.9414339051237123,0.251090482192873,Inf,1,-0.22627940425116158,1,FALSE,ns
styphimurium / cjejuni,T->C,0.15936352667708065,0.04170197900404839,Inf,1,-7.018416336221587,2.0420132116384402e-10,TRUE,***
styphimurium / ecoli,T->C,0.12204132895506464,0.0317670106727437,Inf,1,-8.08074730121325,5.857767871056774e-14,TRUE,***
styphimurium / hinfluenzae,T->C,0.26304746191733996,0.06891681675359529,Inf,1,-5.097145638078873,3.137798785629854e-5,TRUE,***
styphimurium / kpneumoniae,T->C,0.07926420476961779,0.02061900473815328,Inf,1,-9.74500351005405,1.7633267640403544e-20,TRUE,***
styphimurium / lmonocytogenesA,T->C,0.17744671066074125,0.04627300776361114,Inf,1,-6.630656819427219,3.04118730616481e-9,TRUE,***
styphimurium / mtuberculosis,T->C,0.07287591611629596,0.01897288937540024,Inf,1,-10.059712388523527,7.5749466402252e-22,TRUE,***
styphimurium / nmeningitidis,T->C,0.4840914212769103,0.12748303011285347,Inf,1,-2.7548715438215354,0.5343081626527485,FALSE,ns
styphimurium / paeruginosa,T->C,0.27677725939651093,0.07221122512088851,Inf,1,-4.923501477330906,7.735840364962639e-5,TRUE,***
styphimurium / sagalactiae,T->C,0.1596790741700148,0.041665555935772765,Inf,1,-7.03087979155432,1.867640931829079e-10,TRUE,***
styphimurium / saureus,T->C,0.09372512177942806,0.02439110806687192,Inf,1,-9.096914470324986,8.457038591030636e-18,TRUE,***
styphimurium / sepidermidis,T->C,0.1711776412445015,0.04461166779953209,Inf,1,-6.772615701129829,1.1509187192703035e-9,TRUE,***
styphimurium / spneumoniae,T->C,0.30879555082122007,0.08088002041997618,Inf,1,-4.486376218858655,6.592474370317235e-4,TRUE,***
bpertussis / cjejuni,T->C,0.16927744561753275,0.04487063921278491,Inf,1,-6.70089283060065,1.8850643403207136e-9,TRUE,***
bpertussis / ecoli,T->C,0.12963345412870741,0.0341856421055253,Inf,1,-7.74731394546444,8.54096029531171e-13,TRUE,***
bpertussis / hinfluenzae,T->C,0.2794115024811788,0.07415126261906921,Inf,1,-4.804626625927249,1.4108690509644398e-4,TRUE,***
bpertussis / kpneumoniae,T->C,0.08419518814674709,0.02218924106069314,Inf,1,-9.389725680375841,5.474262069924996e-19,TRUE,***
bpertussis / lmonocytogenesA,T->C,0.18848557471214428,0.04979366749383675,Inf,1,-6.316711853029566,2.431402521268403e-8,TRUE,***
bpertussis / mtuberculosis,T->C,0.07740948750589073,0.02041730978672236,Inf,1,-9.700762347631693,2.723213332116125e-20,TRUE,***
bpertussis / nmeningitidis,T->C,0.5142064871917872,0.1371480875133408,Inf,1,-2.4937595290509305,1,FALSE,ns
bpertussis / paeruginosa,T->C,0.29399542324762573,0.07770438583788268,Inf,1,-4.631740802155393,3.299695804454805e-4,TRUE,***
bpertussis / sagalactiae,T->C,0.16961262314961098,0.04483493842703157,Inf,1,-6.712024010407331,1.7466822121548747e-9,TRUE,***
bpertussis / saureus,T->C,0.09955571099503986,0.026248318544100913,Inf,1,-8.75022894324286,1.9375750568838958e-16,TRUE,***
bpertussis / sepidermidis,T->C,0.1818265098727322,0.04800672735990986,Inf,1,-6.4565964943796494,9.744636095199451e-9,TRUE,***
bpertussis / spneumoniae,T->C,0.32800555529242575,0.08702379809962617,Inf,1,-4.2015622544312015,0.0024122218899118733,TRUE,**
cjejuni / ecoli,T->C,0.7658046448881479,0.1980505367946433,Inf,1,-1.0317480516100945,1,FALSE,ns
cjejuni / hinfluenzae,T->C,1.650612705442662,0.4296960349873449,Inf,1,1.9250791364946973,1,FALSE,ns
cjejuni / kpneumoniae,T->C,0.49737983604135055,0.12854753223004517,Inf,1,-2.702274494648983,0.6266886250825229,FALSE,ns
cjejuni / lmonocytogenesA,T->C,1.1134712839299963,0.28849458126955074,Inf,1,0.4148382470525865,1,FALSE,ns
cjejuni / mtuberculosis,T->C,0.4572935704665025,0.11828622777612832,Inf,1,-3.024866728979981,0.22635586345297126,FALSE,ns
cjejuni / nmeningitidis,T->C,3.0376550479949396,0.7949084456605848,Inf,1,4.245892172137729,0.001981300456892079,TRUE,**
cjejuni / paeruginosa,T->C,1.7367666565094686,0.45021237185288626,Inf,1,2.129525794203482,1,FALSE,ns
cjejuni / sagalactiae,T->C,1.0019800483806658,0.2597709627268906,Inf,1,0.007629826532986822,1,FALSE,ns
cjejuni / saureus,T->C,0.5881215340404953,0.15206525217113354,Inf,1,-2.052984791981701,1,FALSE,ns
cjejuni / sepidermidis,T->C,1.074133114482085,0.2781346236628574,Inf,1,0.2761809391396877,1,FALSE,ns
cjejuni / spneumoniae,T->C,1.937680203619831,0.5042847638569414,Inf,1,2.5417364346832665,1,FALSE,ns
ecoli / hinfluenzae,T->C,2.1553965707321447,0.5581108402075371,Inf,1,2.965880575255416,0.2746540742696406,FALSE,ns
ecoli / kpneumoniae,T->C,0.6494865751486751,0.16695045085272103,Inf,1,-1.6789469054953228,1,FALSE,ns
ecoli / lmonocytogenesA,T->C,1.4539886789177516,0.3746914854660936,Inf,1,1.4525106270390242,1,FALSE,ns
ecoli / mtuberculosis,T->C,0.5971412859911472,0.15362513283825352,Inf,1,-2.004144485781608,1,FALSE,ns
ecoli / nmeningitidis,T->C,3.96661873007915,1.032524024461088,Inf,1,5.293493862184062,1.092011570150829e-5,TRUE,***
ecoli / paeruginosa,T->C,2.2678977832044067,0.584730825943959,Inf,1,3.1759495772844426,0.1359056858104179,FALSE,ns
ecoli / sagalactiae,T->C,1.3084016335876536,0.33738811632020005,Inf,1,1.042439076894723,1,FALSE,ns
ecoli / saureus,T->C,0.7679785412197327,0.19749490778018763,Inf,1,-1.0265648647931107,1,FALSE,ns
ecoli / sepidermidis,T->C,1.4026202656931794,0.3612334949897533,Inf,1,1.3137361311829499,1,FALSE,ns
ecoli / spneumoniae,T->C,2.5302539186124227,0.6549881291384527,Inf,1,3.5861481375728,0.03053945109528846,TRUE,*
hinfluenzae / kpneumoniae,T->C,0.3013304298466326,0.07797483465149124,Inf,1,-4.635601584777878,3.2386980659420534e-4,TRUE,***
hinfluenzae / lmonocytogenesA,T->C,0.6745805846874207,0.1749951023102259,Inf,1,-1.5175178069025663,1,FALSE,ns
hinfluenzae / mtuberculosis,T->C,0.2770447416033099,0.07175036242741252,Inf,1,-4.9561847815557405,6.542067278054016e-5,TRUE,***
hinfluenzae / nmeningitidis,T->C,1.840319681278777,0.48216424420584963,Inf,1,2.328010226715959,1,FALSE,ns
hinfluenzae / paeruginosa,T->C,1.0521951338328648,0.2730895867793983,Inf,1,0.19603164207849008,1,FALSE,ns
hinfluenzae / sagalactiae,T->C,0.6070352209678129,0.1575716875765713,Inf,1,-1.9230157655842897,1,FALSE,ns
hinfluenzae / saureus,T->C,0.3563049842650839,0.0922402030062247,Inf,1,-3.9862815509835063,0.006107634568947215,TRUE,**
hinfluenzae / sepidermidis,T->C,0.6507481197377695,0.16871115805585704,Inf,1,-1.6571673491303207,1,FALSE,ns
hinfluenzae / spneumoniae,T->C,1.1739157206476145,0.30588594665704105,Inf,1,0.6153647686109741,1,FALSE,ns
kpneumoniae / lmonocytogenesA,T->C,2.2386739534761233,0.5765262539845005,Inf,1,3.1292778925648084,0.15946521109999204,FALSE,ns
kpneumoniae / mtuberculosis,T->C,0.9194051252783085,0.23637773438381937,Inf,1,-0.3268334945770244,1,FALSE,ns
kpneumoniae / nmeningitidis,T->C,6.1073144262776236,1.588733764948664,Inf,1,6.955921220253048,3.1874166397299566e-10,TRUE,***
kpneumoniae / paeruginosa,T->C,3.4918316559280047,0.8997079229164816,Inf,1,4.852995594010829,1.1066545823989298e-4,TRUE,***
kpneumoniae / sagalactiae,T->C,2.0145168255219827,0.5191291441413038,Inf,1,2.7178709898952125,0.5979014048256648,FALSE,ns
kpneumoniae / saureus,T->C,1.1824394384809775,0.3038784808373324,Inf,1,0.6520789410423323,1,FALSE,ns
kpneumoniae / sepidermidis,T->C,2.159583152849777,0.5558183856355418,Inf,1,2.9914374505976498,0.2526773479395868,FALSE,ns
kpneumoniae / spneumoniae,T->C,3.895775548606555,1.0078160665849,Inf,1,5.256749908011796,1.3342737322442986e-5,TRUE,***
lmonocytogenesA / mtuberculosis,T->C,0.41069184007376025,0.10585481997090221,Inf,1,-3.452650043324569,0.05051488793437991,FALSE,ns
lmonocytogenesA / nmeningitidis,T->C,2.728094645848017,0.7114258433028762,Inf,1,3.848503929885219,0.010814566574839543,TRUE,*
lmonocytogenesA / paeruginosa,T->C,1.5597767823697724,0.40290325072890304,Inf,1,1.7209774717345987,1,FALSE,ns
lmonocytogenesA / sagalactiae,T->C,0.8998705784707601,0.23247398100182937,Inf,1,-0.4083908228659554,1,FALSE,ns
lmonocytogenesA / saureus,T->C,0.528187428385868,0.1360833501501352,Inf,1,-2.477483030142189,1,FALSE,ns
lmonocytogenesA / sepidermidis,T->C,0.9646706924411493,0.24890561129367708,Inf,1,-0.13940121843993347,1,FALSE,ns
lmonocytogenesA / spneumoniae,T->C,1.7402156944549032,0.4513066114074249,Inf,1,2.1362312237756442,1,FALSE,ns
mtuberculosis / nmeningitidis,T->C,6.642680422766741,1.72943068947969,Inf,1,7.27292444744442,3.2012625972665136e-11,TRUE,***
mtuberculosis / paeruginosa,T->C,3.797924940728397,0.9794010573228413,Inf,1,5.174753811772401,2.076726370822306e-5,TRUE,***
mtuberculosis / sagalactiae,T->C,2.1911089792023706,0.5651117511878766,Inf,1,3.0413860051917916,0.2142974628768623,FALSE,ns
mtuberculosis / saureus,T->C,1.2860918500133955,0.33079653930572767,Inf,1,0.97821778430228,1,FALSE,ns
mtuberculosis / sepidermidis,T->C,2.348891792609988,0.6050521564075091,Inf,1,3.3151211585617175,0.08335910505081905,FALSE,ns
mtuberculosis / spneumoniae,T->C,4.237278476588092,1.097077514109427,Inf,1,5.5769042026249345,2.2280131390164257e-6,TRUE,***
nmeningitidis / paeruginosa,T->C,0.571745846407364,0.1491721543854762,Inf,1,-2.1427634440882093,1,FALSE,ns
nmeningitidis / sagalactiae,T->C,0.32985313755162593,0.08607167041496133,Inf,1,-4.2504423718601565,0.0019414733929224758,TRUE,**
nmeningitidis / saureus,T->C,0.19361037535473152,0.050386523870913746,Inf,1,-6.309034750482404,2.555107787206379e-8,TRUE,***
nmeningitidis / sepidermidis,T->C,0.35360602093087773,0.09215764239360384,Inf,1,-3.9888052781468235,0.006043028200573467,TRUE,**
nmeningitidis / spneumoniae,T->C,0.6378868479154118,0.16707998073757674,Inf,1,-1.7164853115895093,1,FALSE,ns
paeruginosa / sagalactiae,T->C,0.5769226652441799,0.1491181521007635,Inf,1,-2.1280749922892177,1,FALSE,ns
paeruginosa / saureus,T->C,0.3386301388480675,0.08728956994068642,Inf,1,-4.200783249601124,0.002420537708666128,TRUE,**
paeruginosa / sepidermidis,T->C,0.6184671443663388,0.1596582631256902,Inf,1,-1.861353055520498,1,FALSE,ns
paeruginosa / spneumoniae,T->C,1.1156825220920328,0.28948506811466895,Inf,1,0.4218859672217483,1,FALSE,ns
sagalactiae / saureus,T->C,0.5869593261771815,0.15132161532161395,Inf,1,-2.0666696102078164,1,FALSE,ns
sagalactiae / sepidermidis,T->C,1.0720104818634146,0.27677690557464,Inf,1,0.26932575780445567,1,FALSE,ns
sagalactiae / spneumoniae,T->C,1.9338510849107051,0.5018385777817688,Inf,1,2.5414560617814375,1,FALSE,ns
saureus / sepidermidis,T->C,1.8263795020437479,0.47026529104045994,Inf,1,2.3393037959805736,1,FALSE,ns
saureus / spneumoniae,T->C,3.294693513953889,0.8526864491175585,Inf,1,4.606976456388979,3.71795278948952e-4,TRUE,***
sepidermidis / spneumoniae,T->C,1.8039479255363269,0.4675534289194073,Inf,1,2.276293404839405,1,FALSE,ns
styphimurium / bpertussis,T->G,0.9445432347704509,0.2582802145614738,Inf,1,-0.20864857070680218,1,FALSE,ns
styphimurium / cjejuni,T->G,1.1805245163123979,0.3311169926074684,Inf,1,0.5916896132509718,1,FALSE,ns
styphimurium / ecoli,T->G,0.18368416063694668,0.04838606345747002,Inf,1,-6.432837862552177,1.1397133981410551e-8,TRUE,***
styphimurium / hinfluenzae,T->G,0.6314083699315757,0.17087892386256776,Inf,1,-1.6989989570458204,1,FALSE,ns
styphimurium / kpneumoniae,T->G,0.1235983999705133,0.03250966323586862,Inf,1,-7.948693841346093,1.715242901728933e-13,TRUE,***
styphimurium / lmonocytogenesA,T->G,0.3728464457649487,0.09899323743538592,Inf,1,-3.7158705892777264,0.01842797461729672,TRUE,*
styphimurium / mtuberculosis,T->G,0.08590883078604312,0.022616231617726582,Inf,1,-9.32341584016999,1.0251497993572718e-18,TRUE,***
styphimurium / nmeningitidis,T->G,0.9223898152978769,0.2520604847113338,Inf,1,-0.2956331311421101,1,FALSE,ns
styphimurium / paeruginosa,T->G,0.21992906328944098,0.05798883000004199,Inf,1,-5.74372028562256,8.428305078523367e-7,TRUE,***
styphimurium / sagalactiae,T->G,0.3579678901702858,0.09533242287096641,Inf,1,-3.857498782955274,0.010424345704073574,TRUE,*
styphimurium / saureus,T->G,0.293240455292738,0.07752867964370681,Inf,1,-4.640042223996128,3.1698757740312875e-4,TRUE,***
styphimurium / sepidermidis,T->G,0.32548502657071055,0.08616930401487757,Inf,1,-4.239758383036044,0.0020362205677910885,TRUE,**
styphimurium / spneumoniae,T->G,0.48626021632753946,0.1301629026644486,Inf,1,-2.69354124282262,0.6433463232493865,FALSE,ns
bpertussis / cjejuni,T->G,1.2498364001297377,0.35695403795949715,Inf,1,0.7808549955513208,1,FALSE,ns
bpertussis / ecoli,T->G,0.19446876953344205,0.052289549209690284,Inf,1,-6.089925127570911,1.027967902555618e-7,TRUE,***
bpertussis / hinfluenzae,T->G,0.6684801147138858,0.18446478547778242,Inf,1,-1.4595167799862552,1,FALSE,ns
bpertussis / kpneumoniae,T->G,0.13085520643271667,0.035134503663938464,Inf,1,-7.574192792179492,3.288443651438063e-12,TRUE,***
bpertussis / lmonocytogenesA,T->G,0.3947372995112927,0.10694473409757994,Inf,1,-3.430950198677958,0.05473386207666361,FALSE,ns
bpertussis / mtuberculosis,T->G,0.09095277762157836,0.024441346079751736,Inf,1,-8.921421004696317,4.189121994524665e-17,TRUE,***
bpertussis / nmeningitidis,T->G,0.9765458915409438,0.272003474764261,Inf,1,-0.08520804731510552,1,FALSE,ns
bpertussis / paeruginosa,T->G,0.23284171141503074,0.06266451097851242,Inf,1,-5.415228941936474,5.5701404656026665e-6,TRUE,***
bpertussis / sagalactiae,T->G,0.3789851824594154,0.10297732631120311,Inf,1,-3.570819744213995,0.0323837827257768,TRUE,*
bpertussis / saureus,T->G,0.3104574195208791,0.08377078261501535,Inf,1,-4.334980264731366,0.001326536118129703,TRUE,**
bpertussis / sepidermidis,T->G,0.34459515942625124,0.09310208633217303,Inf,1,-3.943268395487267,0.007314453854268541,TRUE,**
bpertussis / spneumoniae,T->G,0.5148099085646552,0.1405725037156457,Inf,1,-2.4315703262057107,1,FALSE,ns
cjejuni / ecoli,T->G,0.15559537993393013,0.04295118718150072,Inf,1,-6.739851839658757,1.4427888028015697e-9,TRUE,***
cjejuni / hinfluenzae,T->G,0.5348540934193428,0.151320200843306,Inf,1,-2.211806398555724,1,FALSE,ns
cjejuni / kpneumoniae,T->G,0.10469786799226956,0.028862029837428322,Inf,1,-8.186160924101383,2.4541886727506898e-14,TRUE,***
cjejuni / lmonocytogenesA,T->G,0.3158311755605114,0.08781059966799226,Inf,1,-4.145404101725655,0.0030868560198624344,TRUE,**
cjejuni / mtuberculosis,T->G,0.07277174645588584,0.020076955678635256,Inf,1,-9.498107605939861,1.9450255981843186e-19,TRUE,***
cjejuni / nmeningitidis,T->G,0.7813389747966811,0.22303235639979485,Inf,1,-0.864414578486543,1,FALSE,ns
cjejuni / paeruginosa,T->G,0.1862977517624394,0.0514707707285515,Inf,1,-6.082217678445801,1.0786365704134167e-7,TRUE,***
cjejuni / sagalactiae,T->G,0.3032278323947641,0.08454039950815989,Inf,1,-4.280000219273258,0.001700727476350475,TRUE,**
cjejuni / saureus,T->G,0.24839844597953176,0.06879771322728312,Inf,1,-5.028506934665594,4.49825412514745e-5,TRUE,***
cjejuni / sepidermidis,T->G,0.2757122127267864,0.07645612309167994,Inf,1,-4.646154639583097,3.077433808251124e-4,TRUE,***
cjejuni / spneumoniae,T->G,0.41190183652133683,0.11537597597013569,Inf,1,-3.1665575006344873,0.14037191004611482,FALSE,ns
ecoli / hinfluenzae,T->G,3.4374677040311594,0.9144366520624112,Inf,1,4.641504590699476,3.1475201572511165e-4,TRUE,***
ecoli / kpneumoniae,T->G,0.6728854548041658,0.1737903688419579,Inf,1,-1.5339392630942543,1,FALSE,ns
ecoli / lmonocytogenesA,T->G,2.0298236084813155,0.5293843240053696,Inf,1,2.7144955363670413,0.6040288330100213,FALSE,ns
ecoli / mtuberculosis,T->G,0.46769863274080914,0.12090611019971617,Inf,1,-2.939626073952175,0.29903378305361056,FALSE,ns
ecoli / nmeningitidis,T->G,5.021607808203933,1.3493156489841116,Inf,1,6.00572625451173,1.7333437514013733e-7,TRUE,***
ecoli / paeruginosa,T->G,1.1973218731915196,0.3100256444410314,Inf,1,0.6954987617052485,1,FALSE,ns
ecoli / sagalactiae,T->G,1.9488228540174044,0.5098641863678933,Inf,1,2.5502955257793065,0.9794479228491396,FALSE,ns
ecoli / saureus,T->G,1.5964384423561175,0.4145328911192024,Inf,1,1.8014837592879516,1,FALSE,ns
ecoli / sepidermidis,T->G,1.7719820012898908,0.4607556068614391,Inf,1,2.2001872036531904,1,FALSE,ns
ecoli / spneumoniae,T->G,2.647262641707235,0.6962760466873398,Inf,1,3.7013759059163176,0.01951345052859673,TRUE,*
hinfluenzae / kpneumoniae,T->G,0.19575033505480358,0.051997377128374635,Inf,1,-6.139775135446675,7.52009222275875e-8,TRUE,***
hinfluenzae / lmonocytogenesA,T->G,0.5904996885064309,0.15830472631878142,Inf,1,-1.9649891511880824,1,FALSE,ns
hinfluenzae / mtuberculosis,T->G,0.13605906237092305,0.036172733404201074,Inf,1,-7.502679175897433,5.6899076972788006e-12,TRUE,***
hinfluenzae / nmeningitidis,T->G,1.460845087305121,0.4028647949445454,Inf,1,1.3743626813878873,1,FALSE,ns
hinfluenzae / paeruginosa,T->G,0.3483150901424924,0.09274534450146632,Inf,1,-3.960842861009031,0.006796396097026326,TRUE,**
hinfluenzae / sagalactiae,T->G,0.5669356112733792,0.15244159031181048,Inf,1,-2.1105878551730886,1,FALSE,ns
hinfluenzae / saureus,T->G,0.46442281929920537,0.12399020328399075,Inf,1,-2.8727566086331877,0.3702857983549715,FALSE,ns
hinfluenzae / sepidermidis,T->G,0.5154905162343391,0.1378054150613766,Inf,1,-2.478732535988406,1,FALSE,ns
hinfluenzae / spneumoniae,T->G,0.7701200039211302,0.2081170563255623,Inf,1,-0.9665820930767328,1,FALSE,ns
kpneumoniae / lmonocytogenesA,T->G,3.016596055077559,0.7855390225640542,Inf,1,4.240032991215484,0.0020337311328137496,TRUE,**
kpneumoniae / mtuberculosis,T->G,0.6950642630207046,0.1794043351313424,Inf,1,-1.4092764354128113,1,FALSE,ns
kpneumoniae / nmeningitidis,T->G,7.462797378590096,2.002390471634706,Inf,1,7.49089800058082,6.224760656162044e-12,TRUE,***
kpneumoniae / paeruginosa,T->G,1.7793843880010514,0.46002825226093796,Inf,1,2.2289963883381607,1,FALSE,ns
kpneumoniae / sagalactiae,T->G,2.896217833367468,0.75658095467487,Inf,1,4.0707534410000115,0.004264380797201168,TRUE,**
kpneumoniae / saureus,T->G,2.372526305863959,0.6151055581439956,Inf,1,3.332365871774914,0.07836098035251675,FALSE,ns
kpneumoniae / sepidermidis,T->G,2.633408091434525,0.6836961757456232,Inf,1,3.7295416794372604,0.017456382115660727,TRUE,*
kpneumoniae / spneumoniae,T->G,3.934195074074955,1.0332117702484622,Inf,1,5.215476589550344,1.6684414645567984e-5,TRUE,***
lmonocytogenesA / mtuberculosis,T->G,0.23041343631367775,0.06005499516170712,Inf,1,-5.63182599450599,1.6226350304571576e-6,TRUE,***
lmonocytogenesA / nmeningitidis,T->G,2.473913391893706,0.6698070299280309,Inf,1,3.3455514533621282,0.07472840040985673,FALSE,ns
lmonocytogenesA / paeruginosa,T->G,0.5898649854049823,0.15398803519411275,Inf,1,-2.0220212463954956,1,FALSE,ns
lmonocytogenesA / sagalactiae,T->G,0.9600946830426735,0.2532038525504087,Inf,1,-0.15441428629362058,1,FALSE,ns
lmonocytogenesA / saureus,T->G,0.7864912180968028,0.20588686419373936,Inf,1,-0.917467581936692,1,FALSE,ns
lmonocytogenesA / sepidermidis,T->G,0.8729733923114935,0.22883924617399892,Inf,1,-0.5182398287022636,1,FALSE,ns
lmonocytogenesA / spneumoniae,T->G,1.3041835904588175,0.34574875343433814,Inf,1,1.0017721827008688,1,FALSE,ns
mtuberculosis / nmeningitidis,T->G,10.736845174800472,2.883312171365298,Inf,1,8.839087515948135,8.781819124672591e-17,TRUE,***
mtuberculosis / paeruginosa,T->G,2.560028594000735,0.6624548359907323,Inf,1,3.6326613132317713,0.025526692282052132,TRUE,*
mtuberculosis / sagalactiae,T->G,4.166834618687906,1.0894784446540824,Inf,1,5.458323494294879,4.373927262572837e-6,TRUE,***
mtuberculosis / saureus,T->G,3.413391296443746,0.8857663849964484,Inf,1,4.73109175462546,2.032171489520804e-4,TRUE,***
mtuberculosis / sepidermidis,T->G,3.78872606683863,0.9845359649128673,Inf,1,5.125964238925125,2.693771029992066e-5,TRUE,***
mtuberculosis / spneumoniae,T->G,5.660188968682113,1.4878131882950543,Inf,1,6.594709498338359,3.877413052837507e-9,TRUE,***
nmeningitidis / paeruginosa,T->G,0.2384339675502781,0.0641262650852101,Inf,1,-5.330638333459878,8.906001756749207e-6,TRUE,***
nmeningitidis / sagalactiae,T->G,0.38808742706540345,0.10538172431564194,Inf,1,-3.485749673494951,0.04465916119813315,TRUE,*
nmeningitidis / saureus,T->G,0.3179138043691851,0.08572517486759788,Inf,1,-4.249874891858983,0.0019463985181113511,TRUE,**
nmeningitidis / sepidermidis,T->G,0.3528714445590428,0.09527436546594927,Inf,1,-3.8580058390007097,0.010402748510115373,TRUE,*
nmeningitidis / spneumoniae,T->G,0.5271743120564557,0.143855872498298,Inf,1,-2.3461653154087068,1,FALSE,ns
paeruginosa / sagalactiae,T->G,1.627651592819166,0.4262481224079691,Inf,1,1.8601637943059743,1,FALSE,ns
paeruginosa / saureus,T->G,1.3333410823780687,0.34655613226004073,Inf,1,1.1068512117484346,1,FALSE,ns
paeruginosa / sepidermidis,T->G,1.4799545894593795,0.38519800874989024,Inf,1,1.5061320776403841,1,FALSE,ns
paeruginosa / spneumoniae,T->G,2.210986620206668,0.5820830626430806,Inf,1,3.0138012849900377,0.23477702472578163,FALSE,ns
sagalactiae / saureus,T->G,0.8191808912057535,0.2151165058703039,Inf,1,-0.7595229186717899,1,FALSE,ns
sagalactiae / sepidermidis,T->G,0.9092576052446405,0.23909576955413347,Inf,1,-0.36175794565345376,1,FALSE,ns
sagalactiae / spneumoniae,T->G,1.3583905978165385,0.3612198340366518,Inf,1,1.1518633152647186,1,FALSE,ns
saureus / sepidermidis,T->G,1.1099594912502206,0.28970123904881173,Inf,1,0.399704474463955,1,FALSE,ns
saureus / spneumoniae,T->G,1.658230327879257,0.43774789907630973,Inf,1,1.9158323597433546,1,FALSE,ns
sepidermidis / spneumoniae,T->G,1.4939557172590892,0.39491332053987693,Inf,1,1.518598630760378,1,FALSE,ns
