trinucleotide,n_enriched,n_significant,mean_fold_enrichment,max_fold_enrichment,min_fold_enrichment,n_species,prop_enriched,mutation_type
A[C>A]A,0,0,0.9089,1.5662,0.5037,14,0.0,C>A
A[C>A]C,0,0,0.7310571428571428,1.0688,0.4222,14,0.0,C>A
A[C>A]G,3,3,0.8707,1.5831,0.3407,14,0.21428571428571427,C>A
A[C>A]T,0,0,0.8224928571428572,1.1815,0.3571,14,0.0,C>A
A[C>G]A,0,0,0.9570428571428572,1.3564,0.4999,14,0.0,C>G
A[C>G]C,8,8,1.7128285714285716,2.491,0.4683,14,0.5714285714285714,C>G
A[C>G]G,3,3,1.0347071428571428,1.5761,0.4539,14,0.21428571428571427,C>G
A[C>G]T,1,1,1.0022153846153847,1.7337,0.6589,14,0.07142857142857142,C>G
A[C>T]A,4,4,1.04965,1.3747,0.6002,14,0.2857142857142857,C>T
A[C>T]C,2,2,0.9692571428571428,1.3331,0.6656,14,0.14285714285714285,C>T
A[C>T]G,10,10,1.219464285714286,1.6579,0.6203,14,0.7142857142857143,C>T
A[C>T]T,0,0,0.7970214285714287,1.0575,0.581,14,0.0,C>T
A[T>A]A,0,0,1.0299285714285715,2.595,0.2614,14,0.0,T>A
A[T>A]C,3,3,1.1661307692307692,1.7409,0.2552,14,0.21428571428571427,T>A
A[T>A]G,1,1,0.8675428571428572,1.4291,0.3615,14,0.07142857142857142,T>A
A[T>A]T,2,2,0.8911571428571429,2.2061,0.19,14,0.14285714285714285,T>A
A[T>C]A,1,1,0.9362214285714285,1.2459,0.531,14,0.07142857142857142,T>C
A[T>C]C,3,3,1.0763071428571427,1.5137,0.7661,14,0.21428571428571427,T>C
A[T>C]G,3,3,0.8869214285714285,1.5291,0.2084,14,0.21428571428571427,T>C
A[T>C]T,0,0,0.7501857142857143,1.1831,0.3853,14,0.0,T>C
A[T>G]A,0,0,0.5368571428571428,0.7717,0.374,14,0.0,T>G
A[T>G]C,5,5,1.2181785714285716,1.903,0.5618,14,0.35714285714285715,T>G
A[T>G]G,0,0,0.7598571428571429,1.208,0.3744,14,0.0,T>G
A[T>G]T,0,0,0.6592928571428571,1.0088,0.3916,14,0.0,T>G
C[C>A]A,1,1,0.892,1.2085,0.564,14,0.07142857142857142,C>A
C[C>A]C,0,0,0.8013428571428571,1.0659,0.1438,14,0.0,C>A
C[C>A]G,6,6,1.1871642857142857,1.4693,0.8849,14,0.42857142857142855,C>A
C[C>A]T,0,0,0.8832285714285714,1.2585,0.5707,14,0.0,C>A
C[C>G]A,1,1,0.79355,1.3175,0.2559,14,0.07142857142857142,C>G
C[C>G]C,1,1,1.0305214285714286,1.7452,0.4543,14,0.07142857142857142,C>G
C[C>G]G,0,0,1.0148071428571428,1.3047,0.7548,14,0.0,C>G
C[C>G]T,1,1,0.6902076923076923,1.559,0.4699,14,0.07142857142857142,C>G
C[C>T]A,5,5,0.9734,1.3078,0.6612,14,0.35714285714285715,C>T
C[C>T]C,1,1,0.9432285714285714,1.3716,0.6897,14,0.07142857142857142,C>T
C[C>T]G,10,10,1.2050714285714286,1.5091,0.9223,14,0.7142857142857143,C>T
C[C>T]T,3,3,0.8629214285714285,1.2748,0.6295,14,0.21428571428571427,C>T
C[T>A]A,3,3,1.2221142857142857,3.0783,0.6905,14,0.21428571428571427,T>A
C[T>A]C,3,3,1.307707142857143,3.4328,0.6759,14,0.21428571428571427,T>A
C[T>A]G,10,10,2.4430142857142854,8.4741,0.7878,14,0.7142857142857143,T>A
C[T>A]T,3,3,1.0135714285714286,1.8021,0.3923,14,0.21428571428571427,T>A
C[T>C]A,2,2,1.0240714285714285,1.7089,0.5004,14,0.14285714285714285,T>C
C[T>C]C,1,1,1.0688,1.8202,0.7105,14,0.07142857142857142,T>C
C[T>C]G,4,4,1.11215,2.8911,0.4469,14,0.2857142857142857,T>C
C[T>C]T,1,1,0.9216,1.4282,0.4755,14,0.07142857142857142,T>C
C[T>G]A,1,1,0.8572,1.3102,0.3444,14,0.07142857142857142,T>G
C[T>G]C,2,2,1.2859142857142858,2.7162,0.6402,14,0.14285714285714285,T>G
C[T>G]G,2,2,1.1514428571428572,2.1785,0.3883,14,0.14285714285714285,T>G
C[T>G]T,1,1,0.8887857142857143,1.9876,0.1933,14,0.07142857142857142,T>G
G[C>A]A,6,6,1.2060214285714286,1.4425,0.9539,14,0.42857142857142855,C>A
G[C>A]C,2,2,0.9193857142857143,1.4615,0.614,14,0.14285714285714285,C>A
G[C>A]G,12,12,1.6479357142857143,3.3703,1.1753,14,0.8571428571428571,C>A
G[C>A]T,5,5,1.1981285714285714,1.8662,0.7293,14,0.35714285714285715,C>A
G[C>G]A,0,0,0.9504142857142857,1.5231,0.5052,14,0.0,C>G
G[C>G]C,5,5,1.4716,2.7688,0.4448,14,0.35714285714285715,C>G
G[C>G]G,6,6,1.373876923076923,2.1605,0.7822,14,0.42857142857142855,C>G
G[C>G]T,0,0,1.00745,1.3853,0.7145,14,0.0,C>G
G[C>T]A,7,7,1.1512857142857145,1.6645,0.8684,14,0.5,C>T
G[C>T]C,7,7,1.1618071428571428,1.6068,0.777,14,0.5,C>T
G[C>T]G,12,12,1.4875285714285713,2.1487,1.04,14,0.8571428571428571,C>T
G[C>T]T,3,3,0.9676214285714286,1.1593,0.5717,14,0.21428571428571427,C>T
G[T>A]A,0,0,1.0161214285714286,1.6899,0.481,14,0.0,T>A
G[T>A]C,1,1,0.9992785714285715,2.1811,0.4232,14,0.07142857142857142,T>A
G[T>A]G,2,2,1.5019928571428571,5.2124,0.693,14,0.14285714285714285,T>A
G[T>A]T,0,0,0.7008571428571428,1.1825,0.2636,14,0.0,T>A
G[T>C]A,12,12,1.716414285714286,3.9607,1.1752,14,0.8571428571428571,T>C
G[T>C]C,14,14,2.132228571428571,2.9529,1.2312,14,1.0,T>C
G[T>C]G,12,12,1.9403428571428571,4.0539,0.8114,14,0.8571428571428571,T>C
G[T>C]T,11,11,1.4489285714285713,2.0112,1.0431,14,0.7857142857142857,T>C
G[T>G]A,1,1,0.9724857142857143,1.6138,0.5727,14,0.07142857142857142,T>G
G[T>G]C,10,10,1.625714285714286,2.2878,0.3984,14,0.7142857142857143,T>G
G[T>G]G,9,9,1.7119785714285716,2.846,0.2555,14,0.6428571428571429,T>G
G[T>G]T,4,4,1.178492857142857,1.9285,0.6963,14,0.2857142857142857,T>G
T[C>A]A,0,0,0.7965714285714285,1.0814,0.4061,14,0.0,C>A
T[C>A]C,0,0,0.7429071428571429,1.1955,0.3739,14,0.0,C>A
T[C>A]G,7,7,1.0940642857142857,1.5491,0.3766,14,0.5,C>A
T[C>A]T,3,3,0.9954142857142857,1.4712,0.5254,14,0.21428571428571427,C>A
T[C>G]A,0,0,0.8222071428571428,1.1765,0.4629,14,0.0,C>G
T[C>G]C,0,0,0.8154769230769231,1.1033,0.5093,14,0.0,C>G
T[C>G]G,0,0,0.8474785714285714,1.0319,0.5004,14,0.0,C>G
T[C>G]T,1,1,0.6929428571428572,1.4453,0.285,14,0.07142857142857142,C>G
T[C>T]A,0,0,0.7838142857142857,1.0092,0.6201,14,0.0,C>T
T[C>T]C,1,1,0.8346857142857144,1.1705,0.6921,14,0.07142857142857142,C>T
T[C>T]G,4,4,1.0783571428571428,1.4395,0.759,14,0.2857142857142857,C>T
T[C>T]T,0,0,0.7509785714285714,0.9936,0.5146,14,0.0,C>T
T[T>A]A,0,0,0.7980416666666666,1.0793,0.2915,14,0.0,T>A
T[T>A]C,0,0,0.7638416666666666,0.943,0.4808,14,0.0,T>A
T[T>A]G,0,0,0.8143285714285715,1.2381,0.2057,14,0.0,T>A
T[T>A]T,0,0,0.7497538461538462,1.5316,0.3328,14,0.0,T>A
T[T>C]A,0,0,0.75545,1.2461,0.4991,14,0.0,T>C
T[T>C]C,1,1,0.8300285714285714,1.155,0.539,14,0.07142857142857142,T>C
T[T>C]G,0,0,0.7664928571428572,0.9884,0.3957,14,0.0,T>C
T[T>C]T,0,0,0.49651428571428574,0.6675,0.2811,14,0.0,T>C
T[T>G]A,0,0,0.8350571428571428,1.6096,0.3453,14,0.0,T>G
T[T>G]C,1,1,0.9456857142857142,1.7123,0.5562,14,0.07142857142857142,T>G
T[T>G]G,3,3,1.0509285714285714,1.6882,0.4627,14,0.21428571428571427,T>G
T[T>G]T,0,0,0.7742071428571429,1.4443,0.4183,14,0.0,T>G
